.metric,.estimator,.estimate
rmse,standard,0.5515927912311178
rsq,standard,0.9997009504691233
mae,standard,0.4552487507503593
